first_seen_utc,date,home,away,venue,total
2026-07-04T23:47:24Z,2026-07-05,Atlanta Braves,New York Mets,Truist Park,9.0
2026-07-04T23:47:24Z,2026-07-05,Washington Nationals,Pittsburgh Pirates,Nationals Park,9.25
2026-07-04T23:47:24Z,2026-07-05,Cincinnati Reds,Baltimore Orioles,Great American Ball Park,9.5
2026-07-04T23:47:24Z,2026-07-05,New York Yankees,Minnesota Twins,Yankee Stadium,8.5
2026-07-04T23:47:24Z,2026-07-05,Cleveland Guardians,Chicago White Sox,Progressive Field,8.5
2026-07-04T23:47:24Z,2026-07-05,Chicago Cubs,St. Louis Cardinals,Wrigley Field,8.5
2026-07-04T23:47:24Z,2026-07-05,Kansas City Royals,Philadelphia Phillies,Kauffman Stadium,9.5
2026-07-04T23:47:24Z,2026-07-05,Colorado Rockies,San Francisco Giants,Coors Field,13.0
2026-07-04T23:47:24Z,2026-07-05,Athletics,Miami Marlins,Sutter Health Park,9.5
2026-07-04T23:47:24Z,2026-07-05,Seattle Mariners,Toronto Blue Jays,T-Mobile Park,7.5
2026-07-04T23:47:24Z,2026-07-05,Los Angeles Dodgers,San Diego Padres,Dodger Stadium,9.5
2026-07-04T23:47:24Z,2026-07-05,Los Angeles Angels,Boston Red Sox,Angel Stadium,8.5
2026-07-05T23:05:17Z,2026-07-06,Kansas City Royals,Philadelphia Phillies,Kauffman Stadium,8.25
2026-07-05T23:05:17Z,2026-07-06,Washington Nationals,Houston Astros,Nationals Park,9.75
2026-07-05T23:05:17Z,2026-07-06,Atlanta Braves,New York Mets,Truist Park,8.5
2026-07-05T23:05:17Z,2026-07-06,St. Louis Cardinals,Milwaukee Brewers,Busch Stadium,8.0
2026-07-06T13:39:24Z,2026-07-06,San Diego Padres,Arizona Diamondbacks,Petco Park,8.5
2026-07-06T13:39:24Z,2026-07-06,San Francisco Giants,Toronto Blue Jays,Oracle Park,7.5
2026-07-06T13:39:24Z,2026-07-06,Los Angeles Dodgers,Colorado Rockies,Dodger Stadium,10.0
2026-07-06T23:12:17Z,2026-07-07,St. Louis Cardinals,Milwaukee Brewers,Busch Stadium,7.5
2026-07-06T23:12:17Z,2026-07-07,Baltimore Orioles,Chicago Cubs,Oriole Park at Camden Yards,9.5
2026-07-06T23:12:17Z,2026-07-07,Detroit Tigers,Athletics,Comerica Park,8.0
2026-07-06T23:12:17Z,2026-07-07,Washington Nationals,Houston Astros,Nationals Park,9.0
2026-07-06T23:12:17Z,2026-07-07,New York Mets,Kansas City Royals,Citi Field,8.0
2026-07-06T23:12:17Z,2026-07-07,San Francisco Giants,Toronto Blue Jays,Oracle Park,7.5
2026-07-06T23:12:17Z,2026-07-07,Los Angeles Dodgers,Colorado Rockies,Dodger Stadium,9.0
2026-07-07T12:23:01Z,2026-07-07,Pittsburgh Pirates,Atlanta Braves,PNC Park,8.0
2026-07-07T12:23:01Z,2026-07-07,Cincinnati Reds,Philadelphia Phillies,Great American Ball Park,9.0
2026-07-07T12:23:01Z,2026-07-07,Minnesota Twins,Cleveland Guardians,Target Field,8.5
2026-07-07T12:23:01Z,2026-07-07,Chicago White Sox,Boston Red Sox,Guaranteed Rate Field,8.5
2026-07-07T12:23:01Z,2026-07-07,San Diego Padres,Arizona Diamondbacks,Petco Park,8.5
2026-07-07T12:23:01Z,2026-07-08,San Francisco Giants,Toronto Blue Jays,Oracle Park,7.5
2026-07-07T23:05:53Z,2026-07-08,Baltimore Orioles,Chicago Cubs,Oriole Park at Camden Yards,9.0
2026-07-07T23:05:53Z,2026-07-08,Detroit Tigers,Athletics,Comerica Park,8.75
2026-07-07T23:05:53Z,2026-07-08,Pittsburgh Pirates,Atlanta Braves,PNC Park,8.5
2026-07-07T23:05:53Z,2026-07-08,Washington Nationals,Houston Astros,Nationals Park,9.0
2026-07-07T23:05:53Z,2026-07-08,Minnesota Twins,Cleveland Guardians,Target Field,8.5
2026-07-07T23:05:53Z,2026-07-08,Chicago White Sox,Boston Red Sox,Guaranteed Rate Field,8.0
2026-07-07T23:05:53Z,2026-07-08,St. Louis Cardinals,Milwaukee Brewers,Busch Stadium,8.0
2026-07-07T23:05:53Z,2026-07-08,Los Angeles Dodgers,Colorado Rockies,Dodger Stadium,10.0
2026-07-07T23:05:53Z,2026-07-08,San Diego Padres,Arizona Diamondbacks,Petco Park,7.5
2026-07-08T11:43:21Z,2026-07-08,New York Mets,Kansas City Royals,Citi Field,9.0
2026-07-08T11:43:21Z,2026-07-08,Cincinnati Reds,Philadelphia Phillies,Great American Ball Park,9.0
2026-07-08T23:12:05Z,2026-07-09,Pittsburgh Pirates,Atlanta Braves,PNC Park,9.0
2026-07-08T23:12:05Z,2026-07-09,New York Mets,Kansas City Royals,Citi Field,9.0
2026-07-08T23:12:05Z,2026-07-09,Minnesota Twins,Cleveland Guardians,Target Field,8.5
2026-07-08T23:12:05Z,2026-07-09,Chicago White Sox,Boston Red Sox,Guaranteed Rate Field,9.0
2026-07-08T23:12:05Z,2026-07-09,Baltimore Orioles,Chicago Cubs,Oriole Park at Camden Yards,9.5
2026-07-08T23:12:05Z,2026-07-09,Detroit Tigers,Athletics,Comerica Park,9.0
2026-07-08T23:12:05Z,2026-07-09,Cincinnati Reds,Philadelphia Phillies,Great American Ball Park,9.5
2026-07-08T23:12:05Z,2026-07-09,St. Louis Cardinals,Milwaukee Brewers,Busch Stadium,8.5
2026-07-08T23:12:05Z,2026-07-09,San Diego Padres,Arizona Diamondbacks,Petco Park,9.0
2026-07-09T12:27:36Z,2026-07-09,San Francisco Giants,Colorado Rockies,Oracle Park,8.25
2026-07-09T19:52:50Z,2026-07-10,Washington Nationals,New York Yankees,Nationals Park,9.5
2026-07-09T19:52:50Z,2026-07-10,Baltimore Orioles,Kansas City Royals,Oriole Park at Camden Yards,9.5
2026-07-09T19:52:50Z,2026-07-10,Cincinnati Reds,Chicago Cubs,Great American Ball Park,9.0
2026-07-09T19:52:50Z,2026-07-10,St. Louis Cardinals,Atlanta Braves,Busch Stadium,8.0
2026-07-09T23:15:37Z,2026-07-10,Detroit Tigers,Philadelphia Phillies,Comerica Park,9.0
2026-07-09T23:15:37Z,2026-07-10,Pittsburgh Pirates,Milwaukee Brewers,PNC Park,8.0
2026-07-09T23:15:37Z,2026-07-10,New York Mets,Boston Red Sox,Citi Field,7.5
2026-07-09T23:15:37Z,2026-07-10,Chicago White Sox,Athletics,Guaranteed Rate Field,8.5
2026-07-09T23:15:37Z,2026-07-10,San Diego Padres,Toronto Blue Jays,Petco Park,8.5
2026-07-10T12:21:14Z,2026-07-10,Minnesota Twins,Los Angeles Angels,Target Field,9.0
2026-07-10T12:21:14Z,2026-07-10,Los Angeles Dodgers,Arizona Diamondbacks,Dodger Stadium,8.5
2026-07-10T12:21:14Z,2026-07-10,San Francisco Giants,Colorado Rockies,Oracle Park,8.5
2026-07-10T12:21:14Z,2026-07-11,Minnesota Twins,Los Angeles Angels,Target Field,9.0
2026-07-10T12:21:14Z,2026-07-11,San Francisco Giants,Colorado Rockies,Oracle Park,8.5
2026-07-10T12:21:14Z,2026-07-11,St. Louis Cardinals,Atlanta Braves,Busch Stadium,7.5
2026-07-10T23:01:43Z,2026-07-11,Chicago White Sox,Athletics,Guaranteed Rate Field,9.25
2026-07-10T23:01:43Z,2026-07-11,Washington Nationals,New York Yankees,Nationals Park,9.0
2026-07-10T23:01:43Z,2026-07-11,Pittsburgh Pirates,Milwaukee Brewers,PNC Park,8.5
2026-07-10T23:01:43Z,2026-07-11,Detroit Tigers,Philadelphia Phillies,Comerica Park,7.0
2026-07-10T23:01:43Z,2026-07-11,Baltimore Orioles,Kansas City Royals,Oriole Park at Camden Yards,9.0
2026-07-10T23:01:43Z,2026-07-11,Cincinnati Reds,Chicago Cubs,Great American Ball Park,10.0
2026-07-10T23:01:43Z,2026-07-11,San Diego Padres,Toronto Blue Jays,Petco Park,8.0
2026-07-10T23:01:43Z,2026-07-11,Los Angeles Dodgers,Arizona Diamondbacks,Dodger Stadium,9.0
2026-07-11T10:56:45Z,2026-07-11,New York Mets,Boston Red Sox,Citi Field,8.5
2026-07-11T22:54:30Z,2026-07-12,Pittsburgh Pirates,Milwaukee Brewers,PNC Park,6.5
2026-07-11T22:54:30Z,2026-07-12,Baltimore Orioles,Kansas City Royals,Oriole Park at Camden Yards,9.5
2026-07-11T22:54:30Z,2026-07-12,Cincinnati Reds,Chicago Cubs,Great American Ball Park,9.5
2026-07-11T22:54:30Z,2026-07-12,Detroit Tigers,Philadelphia Phillies,Comerica Park,7.5
2026-07-11T22:54:30Z,2026-07-12,Minnesota Twins,Los Angeles Angels,Target Field,8.5
2026-07-11T22:54:30Z,2026-07-12,Chicago White Sox,Athletics,Guaranteed Rate Field,8.5
2026-07-11T22:54:30Z,2026-07-12,St. Louis Cardinals,Atlanta Braves,Busch Stadium,8.5
2026-07-11T22:54:30Z,2026-07-12,San Francisco Giants,Colorado Rockies,Oracle Park,8.5
2026-07-11T22:54:30Z,2026-07-12,Los Angeles Dodgers,Arizona Diamondbacks,Dodger Stadium,9.5
2026-07-11T22:54:30Z,2026-07-12,San Diego Padres,Toronto Blue Jays,Petco Park,8.0
2026-07-12T11:06:18Z,2026-07-12,Washington Nationals,New York Yankees,Nationals Park,9.0
2026-07-12T11:06:18Z,2026-07-12,New York Mets,Boston Red Sox,Citi Field,8.5
2026-07-15T23:00:31Z,2026-07-16,Philadelphia Phillies,New York Mets,Citizens Bank Park,9.5
2026-07-16T23:00:56Z,2026-07-17,Boston Red Sox,Tampa Bay Rays,Fenway Park,8.5
2026-07-16T23:00:56Z,2026-07-17,New York Yankees,Los Angeles Dodgers,Yankee Stadium,9.0
2026-07-16T23:00:56Z,2026-07-17,Cleveland Guardians,Pittsburgh Pirates,Progressive Field,7.5
2026-07-16T23:00:56Z,2026-07-17,Atlanta Braves,Texas Rangers,Truist Park,8.5
2026-07-16T23:00:56Z,2026-07-17,Toronto Blue Jays,Chicago White Sox,Rogers Centre,8.5
2026-07-16T23:00:56Z,2026-07-17,Milwaukee Brewers,Miami Marlins,American Family Field,8.0
2026-07-16T23:00:56Z,2026-07-17,Chicago Cubs,Minnesota Twins,Wrigley Field,10.25
2026-07-16T23:00:56Z,2026-07-17,Kansas City Royals,San Diego Padres,Kauffman Stadium,10.0
2026-07-16T23:00:56Z,2026-07-17,Colorado Rockies,Cincinnati Reds,Coors Field,12.0
2026-07-16T23:00:56Z,2026-07-17,Los Angeles Angels,Detroit Tigers,Angel Stadium,8.5
2026-07-16T23:00:56Z,2026-07-17,Athletics,Washington Nationals,Sutter Health Park,10.0
2026-07-16T23:00:56Z,2026-07-17,Seattle Mariners,San Francisco Giants,T-Mobile Park,7.0
2026-07-17T11:16:44Z,2026-07-18,Chicago Cubs,Minnesota Twins,Wrigley Field,10.5
2026-07-17T11:16:44Z,2026-07-18,Colorado Rockies,Cincinnati Reds,Coors Field,12.0
2026-07-17T11:16:44Z,2026-07-18,Kansas City Royals,San Diego Padres,Kauffman Stadium,10.0
2026-07-17T22:53:12Z,2026-07-18,Toronto Blue Jays,Chicago White Sox,Rogers Centre,8.5
2026-07-17T22:53:12Z,2026-07-18,Boston Red Sox,Tampa Bay Rays,Fenway Park,9.5
2026-07-17T22:53:12Z,2026-07-18,Atlanta Braves,Texas Rangers,Truist Park,9.0
2026-07-17T22:53:12Z,2026-07-18,Milwaukee Brewers,Miami Marlins,American Family Field,8.0
2026-07-17T22:53:12Z,2026-07-18,New York Yankees,Los Angeles Dodgers,Yankee Stadium,8.5
2026-07-17T22:53:12Z,2026-07-18,Athletics,Washington Nationals,Sutter Health Park,10.5
2026-07-17T22:53:12Z,2026-07-18,Los Angeles Angels,Detroit Tigers,Angel Stadium,8.0
2026-07-18T10:56:46Z,2026-07-18,Cleveland Guardians,Pittsburgh Pirates,Progressive Field,8.0
2026-07-18T10:56:46Z,2026-07-18,Philadelphia Phillies,New York Mets,Citizens Bank Park,8.5
2026-07-18T10:56:46Z,2026-07-18,Seattle Mariners,San Francisco Giants,T-Mobile Park,7.0
2026-07-18T10:56:46Z,2026-07-19,Athletics,Washington Nationals,Sutter Health Park,10.5
2026-07-18T10:56:46Z,2026-07-19,Los Angeles Angels,Detroit Tigers,Angel Stadium,8.0
2026-07-18T10:56:46Z,2026-07-19,Seattle Mariners,San Francisco Giants,T-Mobile Park,7.0
2026-07-18T10:56:46Z,2026-07-19,New York Yankees,Los Angeles Dodgers,Yankee Stadium,8.5
2026-07-18T22:54:44Z,2026-07-19,Toronto Blue Jays,Chicago White Sox,Rogers Centre,8.0
2026-07-18T22:54:44Z,2026-07-19,Boston Red Sox,Tampa Bay Rays,Fenway Park,8.0
2026-07-18T22:54:44Z,2026-07-19,Philadelphia Phillies,New York Mets,Citizens Bank Park,8.5
2026-07-18T22:54:44Z,2026-07-19,Atlanta Braves,Texas Rangers,Truist Park,9.0
2026-07-18T22:54:44Z,2026-07-19,Cleveland Guardians,Pittsburgh Pirates,Progressive Field,7.5
2026-07-18T22:54:44Z,2026-07-19,Kansas City Royals,San Diego Padres,Kauffman Stadium,10.0
2026-07-18T22:54:44Z,2026-07-19,Milwaukee Brewers,Miami Marlins,American Family Field,8.0
2026-07-18T22:54:44Z,2026-07-19,Chicago Cubs,Minnesota Twins,Wrigley Field,7.75
2026-07-18T22:54:44Z,2026-07-19,Colorado Rockies,Cincinnati Reds,Coors Field,11.0
2026-07-19T22:56:43Z,2026-07-20,Cleveland Guardians,Minnesota Twins,Progressive Field,7.5
2026-07-19T22:56:43Z,2026-07-20,New York Yankees,Pittsburgh Pirates,Yankee Stadium,8.0
2026-07-19T22:56:43Z,2026-07-20,Toronto Blue Jays,Tampa Bay Rays,Rogers Centre,7.5
2026-07-19T22:56:43Z,2026-07-20,Boston Red Sox,Baltimore Orioles,Fenway Park,8.5
2026-07-19T22:56:43Z,2026-07-20,Philadelphia Phillies,Los Angeles Dodgers,Citizens Bank Park,8.0
2026-07-19T22:56:43Z,2026-07-20,Atlanta Braves,San Diego Padres,Truist Park,9.0
2026-07-19T22:56:43Z,2026-07-20,Kansas City Royals,San Francisco Giants,Kauffman Stadium,10.5
2026-07-19T22:56:43Z,2026-07-20,Milwaukee Brewers,New York Mets,American Family Field,7.5
2026-07-19T22:56:43Z,2026-07-20,Chicago Cubs,Detroit Tigers,Wrigley Field,12.0
2026-07-19T22:56:43Z,2026-07-20,Colorado Rockies,Washington Nationals,Coors Field,11.5
2026-07-19T22:56:43Z,2026-07-20,Seattle Mariners,Cincinnati Reds,T-Mobile Park,7.5
2026-07-19T22:56:43Z,2026-07-20,Los Angeles Angels,St. Louis Cardinals,Angel Stadium,8.5
2026-07-20T23:03:51Z,2026-07-21,Cleveland Guardians,Minnesota Twins,Progressive Field,8.5
2026-07-20T23:03:51Z,2026-07-21,Philadelphia Phillies,Los Angeles Dodgers,Citizens Bank Park,8.5
2026-07-20T23:03:51Z,2026-07-21,New York Yankees,Pittsburgh Pirates,Yankee Stadium,9.0
2026-07-20T23:03:51Z,2026-07-21,Toronto Blue Jays,Tampa Bay Rays,Rogers Centre,7.5
2026-07-20T23:03:51Z,2026-07-21,Atlanta Braves,San Diego Padres,Truist Park,9.0
2026-07-20T23:03:51Z,2026-07-21,Kansas City Royals,San Francisco Giants,Kauffman Stadium,9.5
2026-07-20T23:03:51Z,2026-07-21,Milwaukee Brewers,New York Mets,American Family Field,8.5
2026-07-20T23:03:51Z,2026-07-21,Chicago Cubs,Detroit Tigers,Wrigley Field,8.5
2026-07-20T23:03:51Z,2026-07-21,Colorado Rockies,Washington Nationals,Coors Field,12.5
2026-07-20T23:03:51Z,2026-07-21,Los Angeles Angels,St. Louis Cardinals,Angel Stadium,8.75
2026-07-20T23:03:51Z,2026-07-21,Seattle Mariners,Cincinnati Reds,T-Mobile Park,7.5
2026-07-21T11:43:00Z,2026-07-21,Boston Red Sox,Baltimore Orioles,Fenway Park,8.0
2026-07-21T11:43:00Z,2026-07-22,Colorado Rockies,Washington Nationals,Coors Field,13.0
2026-07-21T11:43:00Z,2026-07-22,Los Angeles Angels,St. Louis Cardinals,Angel Stadium,9.0
2026-07-21T23:01:09Z,2026-07-22,Boston Red Sox,Baltimore Orioles,Fenway Park,9.25
2026-07-21T23:01:09Z,2026-07-22,Kansas City Royals,San Francisco Giants,Kauffman Stadium,9.0
2026-07-21T23:01:09Z,2026-07-22,Milwaukee Brewers,New York Mets,American Family Field,7.5
2026-07-21T23:01:09Z,2026-07-22,Seattle Mariners,Cincinnati Reds,T-Mobile Park,8.0
2026-07-21T23:01:09Z,2026-07-22,Cleveland Guardians,Minnesota Twins,Progressive Field,8.0
2026-07-21T23:01:09Z,2026-07-22,Philadelphia Phillies,Los Angeles Dodgers,Citizens Bank Park,10.0
2026-07-21T23:01:09Z,2026-07-22,Chicago Cubs,Detroit Tigers,Wrigley Field,8.0
2026-07-22T11:43:06Z,2026-07-22,New York Yankees,Pittsburgh Pirates,Yankee Stadium,8.5
2026-07-22T11:43:06Z,2026-07-22,Toronto Blue Jays,Tampa Bay Rays,Rogers Centre,8.5
2026-07-22T11:43:06Z,2026-07-22,Atlanta Braves,San Diego Padres,Truist Park,8.5
2026-07-22T23:08:54Z,2026-07-23,Atlanta Braves,San Diego Padres,Truist Park,8.0
2026-07-22T23:08:54Z,2026-07-23,Cleveland Guardians,Minnesota Twins,Progressive Field,7.5
2026-07-22T23:08:54Z,2026-07-23,Toronto Blue Jays,Tampa Bay Rays,Rogers Centre,8.5
2026-07-22T23:08:54Z,2026-07-23,St. Louis Cardinals,Arizona Diamondbacks,Busch Stadium,8.5
2026-07-22T23:08:54Z,2026-07-23,Detroit Tigers,Kansas City Royals,Comerica Park,8.5
2026-07-23T23:00:08Z,2026-07-24,Milwaukee Brewers,Colorado Rockies,American Family Field,8.5
2026-07-23T23:00:08Z,2026-07-24,Detroit Tigers,Kansas City Royals,Comerica Park,7.5
2026-07-23T23:00:08Z,2026-07-24,Pittsburgh Pirates,Chicago Cubs,PNC Park,8.0
2026-07-23T23:00:08Z,2026-07-24,Washington Nationals,Arizona Diamondbacks,Nationals Park,9.5
2026-07-23T23:00:08Z,2026-07-24,Philadelphia Phillies,New York Yankees,Citizens Bank Park,8.0
2026-07-23T23:00:08Z,2026-07-24,Baltimore Orioles,Atlanta Braves,Oriole Park at Camden Yards,9.0
2026-07-23T23:00:08Z,2026-07-24,New York Mets,Los Angeles Dodgers,Citi Field,9.0
2026-07-23T23:00:08Z,2026-07-24,Boston Red Sox,Toronto Blue Jays,Fenway Park,8.5
2026-07-23T23:00:08Z,2026-07-24,St. Louis Cardinals,Cincinnati Reds,Busch Stadium,8.5
2026-07-24T11:37:29Z,2026-07-24,Chicago White Sox,Houston Astros,Guaranteed Rate Field,8.5
2026-07-24T11:37:29Z,2026-07-24,Minnesota Twins,Athletics,Target Field,9.5
2026-07-24T11:37:29Z,2026-07-24,San Francisco Giants,Los Angeles Angels,Oracle Park,8.0
2026-07-24T11:37:29Z,2026-07-25,San Francisco Giants,Los Angeles Angels,Oracle Park,8.0
2026-07-24T11:37:29Z,2026-07-25,Minnesota Twins,Athletics,Target Field,9.5
2026-07-24T11:37:29Z,2026-07-25,St. Louis Cardinals,Cincinnati Reds,Busch Stadium,8.5
2026-07-24T23:04:20Z,2026-07-25,Detroit Tigers,Kansas City Royals,Comerica Park,8.5
2026-07-24T23:04:20Z,2026-07-25,Washington Nationals,Arizona Diamondbacks,Nationals Park,9.0
2026-07-24T23:04:20Z,2026-07-25,Boston Red Sox,Toronto Blue Jays,Fenway Park,7.5
2026-07-24T23:04:20Z,2026-07-25,Philadelphia Phillies,New York Yankees,Citizens Bank Park,8.5
2026-07-24T23:04:20Z,2026-07-25,Pittsburgh Pirates,Chicago Cubs,PNC Park,8.0
2026-07-24T23:04:20Z,2026-07-25,Baltimore Orioles,Atlanta Braves,Oriole Park at Camden Yards,9.0
2026-07-24T23:04:20Z,2026-07-25,Chicago White Sox,Houston Astros,Guaranteed Rate Field,8.0
2026-07-24T23:04:20Z,2026-07-25,Milwaukee Brewers,Colorado Rockies,American Family Field,8.5
2026-07-24T23:04:20Z,2026-07-25,New York Mets,Los Angeles Dodgers,Citi Field,8.0
2026-07-25T20:00:28Z,2026-07-26,Washington Nationals,Arizona Diamondbacks,Nationals Park,10.0
2026-07-25T20:00:28Z,2026-07-26,Pittsburgh Pirates,Chicago Cubs,PNC Park,8.75
2026-07-25T20:00:28Z,2026-07-26,Boston Red Sox,Toronto Blue Jays,Fenway Park,8.0
2026-07-25T20:00:28Z,2026-07-26,Baltimore Orioles,Atlanta Braves,Oriole Park at Camden Yards,8.75
2026-07-25T20:00:28Z,2026-07-26,New York Mets,Los Angeles Dodgers,Citi Field,9.25
2026-07-25T20:00:28Z,2026-07-26,Minnesota Twins,Athletics,Target Field,10.0
2026-07-25T20:00:28Z,2026-07-26,Chicago White Sox,Houston Astros,Guaranteed Rate Field,9.5
2026-07-25T20:00:28Z,2026-07-26,Milwaukee Brewers,Colorado Rockies,American Family Field,7.25
2026-07-25T20:00:28Z,2026-07-26,San Francisco Giants,Los Angeles Angels,Oracle Park,8.25
2026-07-25T20:00:28Z,2026-07-26,Philadelphia Phillies,New York Yankees,Citizens Bank Park,8.0
2026-07-25T22:58:25Z,2026-07-26,Detroit Tigers,Kansas City Royals,Comerica Park,9.5
2026-07-25T22:58:25Z,2026-07-26,St. Louis Cardinals,Cincinnati Reds,Busch Stadium,8.5
2026-07-26T23:01:51Z,2026-07-27,Detroit Tigers,Baltimore Orioles,Comerica Park,8.5
2026-07-26T23:01:51Z,2026-07-27,Pittsburgh Pirates,Arizona Diamondbacks,PNC Park,9.0
2026-07-26T23:01:51Z,2026-07-27,Washington Nationals,Toronto Blue Jays,Nationals Park,10.0
2026-07-26T23:01:51Z,2026-07-27,Cincinnati Reds,Cleveland Guardians,Great American Ball Park,8.5
2026-07-26T23:01:51Z,2026-07-27,New York Mets,Atlanta Braves,Citi Field,8.5
2026-07-26T23:01:51Z,2026-07-27,Chicago White Sox,New York Yankees,Guaranteed Rate Field,8.5
2026-07-26T23:01:51Z,2026-07-27,Los Angeles Angels,Houston Astros,Angel Stadium,8.5
2026-07-26T23:01:51Z,2026-07-27,Athletics,Boston Red Sox,Sutter Health Park,9.5
2026-07-27T12:51:50Z,2026-07-27,St. Louis Cardinals,Chicago Cubs,Busch Stadium,9.5
2026-07-27T12:51:50Z,2026-07-27,San Francisco Giants,Milwaukee Brewers,Oracle Park,8.5
2026-07-27T23:06:31Z,2026-07-28,Detroit Tigers,Baltimore Orioles,Comerica Park,9.0
2026-07-27T23:06:31Z,2026-07-28,Pittsburgh Pirates,Arizona Diamondbacks,PNC Park,9.0
2026-07-27T23:06:31Z,2026-07-28,Washington Nationals,Toronto Blue Jays,Nationals Park,9.0
2026-07-27T23:06:31Z,2026-07-28,Cincinnati Reds,Cleveland Guardians,Great American Ball Park,9.0
2026-07-27T23:06:31Z,2026-07-28,New York Mets,Atlanta Braves,Citi Field,7.5
2026-07-27T23:06:31Z,2026-07-28,Chicago White Sox,New York Yankees,Guaranteed Rate Field,8.0
2026-07-27T23:06:31Z,2026-07-28,Los Angeles Angels,Houston Astros,Angel Stadium,8.0
2026-07-27T23:06:31Z,2026-07-28,Athletics,Boston Red Sox,Sutter Health Park,9.5
2026-07-27T23:06:31Z,2026-07-28,San Francisco Giants,Milwaukee Brewers,Oracle Park,7.5
2026-07-28T11:51:47Z,2026-07-28,Minnesota Twins,Kansas City Royals,Target Field,9.0
2026-07-28T11:51:47Z,2026-07-28,St. Louis Cardinals,Chicago Cubs,Busch Stadium,9.0
2026-07-28T23:03:27Z,2026-07-28,San Diego Padres,Colorado Rockies,Petco Park,8.5
2026-07-28T23:03:27Z,2026-07-29,Pittsburgh Pirates,Arizona Diamondbacks,PNC Park,8.5
2026-07-28T23:03:27Z,2026-07-29,Washington Nationals,Toronto Blue Jays,Nationals Park,9.5
2026-07-28T23:03:27Z,2026-07-29,Detroit Tigers,Baltimore Orioles,Comerica Park,8.0
2026-07-28T23:03:27Z,2026-07-29,San Diego Padres,Colorado Rockies,Petco Park,8.5
2026-07-28T23:03:27Z,2026-07-29,Cincinnati Reds,Cleveland Guardians,Great American Ball Park,9.0
2026-07-28T23:03:27Z,2026-07-29,Minnesota Twins,Kansas City Royals,Target Field,8.5
2026-07-28T23:03:27Z,2026-07-29,Chicago White Sox,New York Yankees,Guaranteed Rate Field,7.5
2026-07-28T23:03:27Z,2026-07-29,St. Louis Cardinals,Chicago Cubs,Busch Stadium,7.5
2026-07-28T23:03:27Z,2026-07-29,Los Angeles Angels,Houston Astros,Angel Stadium,9.5
2026-07-28T23:03:27Z,2026-07-29,Athletics,Boston Red Sox,Sutter Health Park,10.5
2026-07-29T11:56:09Z,2026-07-29,New York Mets,Atlanta Braves,Citi Field,7.5
2026-07-29T11:56:09Z,2026-07-29,San Francisco Giants,Milwaukee Brewers,Oracle Park,7.5
2026-07-29T23:01:09Z,2026-07-29,Los Angeles Dodgers,Seattle Mariners,Dodger Stadium,9.5
2026-07-29T23:01:09Z,2026-07-30,Minnesota Twins,Kansas City Royals,Target Field,9.5
2026-07-29T23:01:09Z,2026-07-30,Chicago White Sox,New York Yankees,Guaranteed Rate Field,8.0
2026-07-29T23:01:09Z,2026-07-30,St. Louis Cardinals,Chicago Cubs,Busch Stadium,8.5
2026-07-29T23:01:09Z,2026-07-30,Cincinnati Reds,Pittsburgh Pirates,Great American Ball Park,9.5
2026-07-29T23:01:09Z,2026-07-30,New York Mets,Miami Marlins,Citi Field,7.0
2026-07-29T23:01:09Z,2026-07-30,Atlanta Braves,Washington Nationals,Truist Park,9.5
2026-07-29T23:01:09Z,2026-07-30,Athletics,Boston Red Sox,Sutter Health Park,10.5
2026-07-29T23:01:09Z,2026-07-30,San Diego Padres,San Francisco Giants,Petco Park,8.5
2026-07-29T23:01:09Z,2026-07-30,Los Angeles Dodgers,Seattle Mariners,Dodger Stadium,8.5
2026-07-30T23:11:43Z,2026-07-31,Chicago Cubs,New York Yankees,Wrigley Field,9.0
2026-07-30T23:11:43Z,2026-07-31,Cincinnati Reds,Pittsburgh Pirates,Great American Ball Park,7.5
2026-07-30T23:11:43Z,2026-07-31,Toronto Blue Jays,St. Louis Cardinals,Rogers Centre,7.5
2026-07-30T23:11:43Z,2026-07-31,Cleveland Guardians,Arizona Diamondbacks,Progressive Field,8.5
2026-07-30T23:11:43Z,2026-07-31,New York Mets,Miami Marlins,Citi Field,8.5
2026-07-30T23:11:43Z,2026-07-31,Atlanta Braves,Washington Nationals,Truist Park,8.75
2026-07-30T23:11:43Z,2026-07-31,Colorado Rockies,Kansas City Royals,Coors Field,11.0
2026-07-31T11:53:06Z,2026-07-31,Baltimore Orioles,Philadelphia Phillies,Oriole Park at Camden Yards,9.0
2026-07-31T11:53:06Z,2026-07-31,Los Angeles Angels,Milwaukee Brewers,Angel Stadium,9.0
2026-07-31T11:53:06Z,2026-07-31,Athletics,Detroit Tigers,Sutter Health Park,10.5
2026-07-31T11:53:06Z,2026-07-31,San Diego Padres,San Francisco Giants,Petco Park,8.5
2026-07-31T11:53:06Z,2026-07-31,Los Angeles Dodgers,Boston Red Sox,Dodger Stadium,8.5
2026-07-31T11:53:06Z,2026-07-31,Seattle Mariners,Minnesota Twins,T-Mobile Park,8.0
2026-07-31T11:53:06Z,2026-08-01,Seattle Mariners,Minnesota Twins,T-Mobile Park,8.0
2026-07-31T20:20:18Z,2026-08-01,Toronto Blue Jays,St. Louis Cardinals,Rogers Centre,8.5
2026-07-31T20:20:18Z,2026-08-01,New York Mets,Miami Marlins,Citi Field,9.0
2026-07-31T20:20:18Z,2026-08-01,Cincinnati Reds,Pittsburgh Pirates,Great American Ball Park,8.5
2026-07-31T20:20:18Z,2026-08-01,Baltimore Orioles,Philadelphia Phillies,Oriole Park at Camden Yards,8.0
2026-07-31T20:20:18Z,2026-08-01,Cleveland Guardians,Arizona Diamondbacks,Progressive Field,8.0
2026-07-31T20:20:18Z,2026-08-01,Atlanta Braves,Washington Nationals,Truist Park,9.5
2026-07-31T20:20:18Z,2026-08-01,Chicago Cubs,New York Yankees,Wrigley Field,6.5
2026-07-31T20:20:18Z,2026-08-01,Colorado Rockies,Kansas City Royals,Coors Field,12.0
2026-07-31T20:20:18Z,2026-08-01,Los Angeles Dodgers,Boston Red Sox,Dodger Stadium,8.0
2026-07-31T20:20:18Z,2026-08-01,Los Angeles Angels,Milwaukee Brewers,Angel Stadium,9.0
2026-07-31T20:20:18Z,2026-08-01,Athletics,Detroit Tigers,Sutter Health Park,10.5
2026-08-01T11:11:41Z,2026-08-01,San Diego Padres,San Francisco Giants,Petco Park,8.5
2026-08-01T11:11:41Z,2026-08-02,Colorado Rockies,Kansas City Royals,Coors Field,11.5
2026-08-01T11:11:41Z,2026-08-02,Los Angeles Angels,Milwaukee Brewers,Angel Stadium,8.5
2026-08-01T11:11:41Z,2026-08-02,San Diego Padres,San Francisco Giants,Petco Park,8.5
2026-08-01T11:11:41Z,2026-08-02,Los Angeles Dodgers,Boston Red Sox,Dodger Stadium,8.0
2026-08-01T22:58:02Z,2026-08-02,Baltimore Orioles,Philadelphia Phillies,Oriole Park at Camden Yards,8.0
2026-08-01T22:58:02Z,2026-08-02,Cleveland Guardians,Arizona Diamondbacks,Progressive Field,8.0
2026-08-01T22:58:02Z,2026-08-02,Cincinnati Reds,Pittsburgh Pirates,Great American Ball Park,8.5
2026-08-01T22:58:02Z,2026-08-02,New York Mets,Miami Marlins,Citi Field,8.75
2026-08-01T22:58:02Z,2026-08-02,Chicago Cubs,New York Yankees,Wrigley Field,6.5
2026-08-01T22:58:02Z,2026-08-02,Seattle Mariners,Minnesota Twins,T-Mobile Park,7.0
2026-08-02T11:11:44Z,2026-08-02,Atlanta Braves,Washington Nationals,Truist Park,9.0
2026-08-02T11:11:44Z,2026-08-02,Toronto Blue Jays,St. Louis Cardinals,Rogers Centre,9.0
2026-08-02T11:11:44Z,2026-08-02,Athletics,Detroit Tigers,Sutter Health Park,11.0
2026-08-02T22:58:44Z,2026-08-03,Philadelphia Phillies,Washington Nationals,Citizens Bank Park,9.25
2026-08-02T22:58:44Z,2026-08-03,New York Yankees,St. Louis Cardinals,Yankee Stadium,8.0
2026-08-02T22:58:44Z,2026-08-03,Milwaukee Brewers,Pittsburgh Pirates,American Family Field,8.5
2026-08-02T22:58:44Z,2026-08-03,Chicago Cubs,Los Angeles Dodgers,Wrigley Field,8.5
2026-08-02T22:58:44Z,2026-08-03,Colorado Rockies,Tampa Bay Rays,Coors Field,11.5
2026-08-03T23:05:46Z,2026-08-04,Baltimore Orioles,Los Angeles Angels,Oriole Park at Camden Yards,8.5
2026-08-03T23:05:46Z,2026-08-04,Cleveland Guardians,New York Mets,Progressive Field,7.5
2026-08-03T23:05:46Z,2026-08-04,Cincinnati Reds,Athletics,Great American Ball Park,9.0
2026-08-03T23:05:46Z,2026-08-04,Philadelphia Phillies,Washington Nationals,Citizens Bank Park,9.0
2026-08-03T23:05:46Z,2026-08-04,New York Yankees,St. Louis Cardinals,Yankee Stadium,8.25
2026-08-03T23:05:46Z,2026-08-04,Boston Red Sox,Chicago White Sox,Fenway Park,9.0
2026-08-03T23:05:46Z,2026-08-04,Atlanta Braves,Miami Marlins,Truist Park,9.0
2026-08-03T23:05:46Z,2026-08-04,Kansas City Royals,Minnesota Twins,Kauffman Stadium,9.0
2026-08-03T23:05:46Z,2026-08-04,Milwaukee Brewers,Pittsburgh Pirates,American Family Field,7.5
2026-08-03T23:05:46Z,2026-08-04,Chicago Cubs,Los Angeles Dodgers,Wrigley Field,9.0
2026-08-03T23:05:46Z,2026-08-04,Seattle Mariners,Detroit Tigers,T-Mobile Park,8.5
2026-08-04T11:58:20Z,2026-08-05,Chicago Cubs,Los Angeles Dodgers,Wrigley Field,9.0
2026-08-04T23:05:58Z,2026-08-04,Colorado Rockies,Tampa Bay Rays,Coors Field,11.5
2026-08-04T23:05:58Z,2026-08-05,Colorado Rockies,Tampa Bay Rays,Coors Field,11.5
2026-08-04T23:05:58Z,2026-08-05,Baltimore Orioles,Los Angeles Angels,Oriole Park at Camden Yards,8.5
2026-08-04T23:05:58Z,2026-08-05,Cleveland Guardians,New York Mets,Progressive Field,8.25
2026-08-04T23:05:58Z,2026-08-05,Cincinnati Reds,Athletics,Great American Ball Park,9.5
2026-08-04T23:05:58Z,2026-08-05,Philadelphia Phillies,Washington Nationals,Citizens Bank Park,9.5
2026-08-04T23:05:58Z,2026-08-05,New York Yankees,St. Louis Cardinals,Yankee Stadium,8.5
2026-08-04T23:05:58Z,2026-08-05,Boston Red Sox,Chicago White Sox,Fenway Park,8.5
2026-08-04T23:05:58Z,2026-08-05,Atlanta Braves,Miami Marlins,Truist Park,8.5
2026-08-04T23:05:58Z,2026-08-05,Kansas City Royals,Minnesota Twins,Kauffman Stadium,9.0
2026-08-04T23:05:58Z,2026-08-05,Milwaukee Brewers,Pittsburgh Pirates,American Family Field,7.25
2026-08-05T23:03:50Z,2026-08-05,Seattle Mariners,Detroit Tigers,T-Mobile Park,7.5
2026-08-05T23:03:50Z,2026-08-06,Baltimore Orioles,Los Angeles Angels,Oriole Park at Camden Yards,9.75
2026-08-05T23:03:50Z,2026-08-06,Cincinnati Reds,Athletics,Great American Ball Park,9.5
2026-08-05T23:03:50Z,2026-08-06,Cleveland Guardians,New York Mets,Progressive Field,7.5
2026-08-05T23:03:50Z,2026-08-06,Milwaukee Brewers,Pittsburgh Pirates,American Family Field,7.5
2026-08-05T23:03:50Z,2026-08-06,Seattle Mariners,Detroit Tigers,T-Mobile Park,7.5
2026-08-05T23:03:50Z,2026-08-06,Philadelphia Phillies,Washington Nationals,Citizens Bank Park,8.75
2026-08-05T23:03:50Z,2026-08-06,Boston Red Sox,Chicago White Sox,Fenway Park,9.0
2026-08-05T23:03:50Z,2026-08-06,Atlanta Braves,Miami Marlins,Truist Park,9.0
2026-08-05T23:03:50Z,2026-08-06,Kansas City Royals,Minnesota Twins,Kauffman Stadium,9.0
2026-08-06T11:58:10Z,2026-08-06,Chicago Cubs,Toronto Blue Jays,Wrigley Field,7.5
2026-08-07T01:30:33Z,2026-08-07,Pittsburgh Pirates,New York Mets,PNC Park,8.5
2026-08-07T01:30:33Z,2026-08-07,Philadelphia Phillies,Toronto Blue Jays,Citizens Bank Park,8.0
2026-08-07T01:30:33Z,2026-08-07,New York Yankees,Atlanta Braves,Yankee Stadium,8.25
2026-08-07T01:30:33Z,2026-08-07,Boston Red Sox,Athletics,Fenway Park,9.0
2026-08-07T01:30:33Z,2026-08-07,Chicago White Sox,Cleveland Guardians,Guaranteed Rate Field,8.5
2026-08-07T01:30:33Z,2026-08-07,St. Louis Cardinals,Colorado Rockies,Busch Stadium,8.5
2026-08-07T01:30:33Z,2026-08-07,San Diego Padres,Houston Astros,Petco Park,8.0
2026-08-07T01:30:33Z,2026-08-07,Seattle Mariners,Tampa Bay Rays,T-Mobile Park,7.0
2026-08-07T10:43:49Z,2026-08-07,Washington Nationals,Cincinnati Reds,Nationals Park,9.0
2026-08-07T10:43:49Z,2026-08-07,Milwaukee Brewers,Minnesota Twins,American Family Field,8.0
2026-08-07T10:43:49Z,2026-08-07,Kansas City Royals,Chicago Cubs,Kauffman Stadium,9.5
2026-08-07T10:43:49Z,2026-08-07,San Francisco Giants,Detroit Tigers,Oracle Park,8.5
2026-08-07T10:43:49Z,2026-08-08,Kansas City Royals,Chicago Cubs,Kauffman Stadium,9.5
2026-08-07T10:43:49Z,2026-08-08,San Diego Padres,Houston Astros,Petco Park,8.0
2026-08-07T10:43:49Z,2026-08-08,San Francisco Giants,Detroit Tigers,Oracle Park,8.5
2026-08-07T10:43:49Z,2026-08-08,St. Louis Cardinals,Colorado Rockies,Busch Stadium,8.5
2026-08-07T22:40:15Z,2026-08-08,New York Yankees,Atlanta Braves,Yankee Stadium,7.5
2026-08-07T22:40:15Z,2026-08-08,Boston Red Sox,Athletics,Fenway Park,9.0
2026-08-07T22:40:15Z,2026-08-08,Philadelphia Phillies,Toronto Blue Jays,Citizens Bank Park,10.0
2026-08-07T22:40:15Z,2026-08-08,Pittsburgh Pirates,New York Mets,PNC Park,8.5
2026-08-07T22:40:15Z,2026-08-08,Washington Nationals,Cincinnati Reds,Nationals Park,8.5
2026-08-07T22:40:15Z,2026-08-08,Milwaukee Brewers,Minnesota Twins,American Family Field,8.0
2026-08-07T22:40:15Z,2026-08-08,Chicago White Sox,Cleveland Guardians,Guaranteed Rate Field,8.0
2026-08-07T22:40:15Z,2026-08-08,Seattle Mariners,Tampa Bay Rays,T-Mobile Park,7.5
2026-08-08T22:33:20Z,2026-08-09,Pittsburgh Pirates,New York Mets,PNC Park,8.0
2026-08-08T22:33:20Z,2026-08-09,Philadelphia Phillies,Toronto Blue Jays,Citizens Bank Park,8.0
2026-08-08T22:33:20Z,2026-08-09,Kansas City Royals,Chicago Cubs,Kauffman Stadium,10.0
2026-08-08T22:33:20Z,2026-08-09,Chicago White Sox,Cleveland Guardians,Guaranteed Rate Field,8.5
2026-08-08T22:33:20Z,2026-08-09,Milwaukee Brewers,Minnesota Twins,American Family Field,7.5
2026-08-08T22:33:20Z,2026-08-09,St. Louis Cardinals,Colorado Rockies,Busch Stadium,9.5
2026-08-08T22:33:20Z,2026-08-09,San Francisco Giants,Detroit Tigers,Oracle Park,7.5
2026-08-08T22:33:20Z,2026-08-09,Seattle Mariners,Tampa Bay Rays,T-Mobile Park,7.0
2026-08-09T10:24:39Z,2026-08-09,Washington Nationals,Cincinnati Reds,Nationals Park,9.5
2026-08-09T10:24:39Z,2026-08-09,Boston Red Sox,Athletics,Fenway Park,10.25
2026-08-09T10:24:39Z,2026-08-09,New York Yankees,Atlanta Braves,Yankee Stadium,8.5
2026-08-09T10:24:39Z,2026-08-09,San Diego Padres,Houston Astros,Petco Park,8.5
2026-08-09T22:35:08Z,2026-08-10,Toronto Blue Jays,Boston Red Sox,Rogers Centre,8.5
2026-08-09T22:35:08Z,2026-08-10,Atlanta Braves,New York Mets,Truist Park,8.0
2026-08-09T22:35:08Z,2026-08-10,Minnesota Twins,Baltimore Orioles,Target Field,8.5
2026-08-09T22:35:08Z,2026-08-10,St. Louis Cardinals,Philadelphia Phillies,Busch Stadium,9.0
2026-08-09T22:35:08Z,2026-08-10,Los Angeles Angels,Texas Rangers,Angel Stadium,8.5
2026-08-09T22:35:08Z,2026-08-10,Athletics,Tampa Bay Rays,Sutter Health Park,9.75
2026-08-09T22:35:08Z,2026-08-10,San Diego Padres,Milwaukee Brewers,Petco Park,7.5
2026-08-09T22:35:08Z,2026-08-10,San Francisco Giants,Houston Astros,Oracle Park,8.25
2026-08-09T22:35:08Z,2026-08-10,Los Angeles Dodgers,Kansas City Royals,Dodger Stadium,7.5
2026-08-10T22:41:25Z,2026-08-11,Detroit Tigers,Cleveland Guardians,Comerica Park,8.5
2026-08-10T22:41:25Z,2026-08-11,Washington Nationals,Chicago Cubs,Nationals Park,9.0
2026-08-10T22:41:25Z,2026-08-11,New York Yankees,Seattle Mariners,Yankee Stadium,8.5
2026-08-10T22:41:25Z,2026-08-11,Toronto Blue Jays,Boston Red Sox,Rogers Centre,7.5
2026-08-10T22:41:25Z,2026-08-11,Atlanta Braves,New York Mets,Truist Park,8.5
2026-08-10T22:41:25Z,2026-08-11,Minnesota Twins,Baltimore Orioles,Target Field,9.0
2026-08-10T22:41:25Z,2026-08-11,St. Louis Cardinals,Philadelphia Phillies,Busch Stadium,8.0
2026-08-10T22:41:25Z,2026-08-11,Los Angeles Angels,Texas Rangers,Angel Stadium,9.5
2026-08-10T22:41:25Z,2026-08-11,Athletics,Tampa Bay Rays,Sutter Health Park,10.0
2026-08-10T22:41:25Z,2026-08-11,San Diego Padres,Milwaukee Brewers,Petco Park,7.5
2026-08-10T22:41:25Z,2026-08-11,San Francisco Giants,Houston Astros,Oracle Park,8.0
2026-08-10T22:41:25Z,2026-08-11,Los Angeles Dodgers,Kansas City Royals,Dodger Stadium,8.0
2026-08-11T10:43:11Z,2026-08-11,Chicago White Sox,Cincinnati Reds,Guaranteed Rate Field,8.0
2026-08-11T10:43:11Z,2026-08-12,San Diego Padres,Milwaukee Brewers,Petco Park,7.5
2026-08-11T22:48:45Z,2026-08-12,Minnesota Twins,Baltimore Orioles,Target Field,8.5
2026-08-11T22:48:45Z,2026-08-12,St. Louis Cardinals,Philadelphia Phillies,Busch Stadium,8.5
2026-08-11T22:48:45Z,2026-08-12,Athletics,Tampa Bay Rays,Sutter Health Park,10.5
2026-08-11T22:48:45Z,2026-08-12,San Francisco Giants,Houston Astros,Oracle Park,8.0
2026-08-11T22:48:45Z,2026-08-12,Detroit Tigers,Cleveland Guardians,Comerica Park,8.0
2026-08-11T22:48:45Z,2026-08-12,New York Yankees,Seattle Mariners,Yankee Stadium,8.5
2026-08-11T22:48:45Z,2026-08-12,Toronto Blue Jays,Boston Red Sox,Rogers Centre,7.5
2026-08-11T22:48:45Z,2026-08-12,Atlanta Braves,New York Mets,Truist Park,8.5
2026-08-11T22:48:45Z,2026-08-12,Chicago White Sox,Cincinnati Reds,Guaranteed Rate Field,9.0
2026-08-12T10:54:00Z,2026-08-12,Washington Nationals,Chicago Cubs,Nationals Park,9.5
2026-08-12T10:54:00Z,2026-08-12,Los Angeles Dodgers,Kansas City Royals,Dodger Stadium,9.25
2026-08-12T10:54:00Z,2026-08-12,Los Angeles Angels,Texas Rangers,Angel Stadium,9.5
2026-08-12T22:45:35Z,2026-08-13,Detroit Tigers,Cleveland Guardians,Comerica Park,8.5
2026-08-12T22:45:35Z,2026-08-13,New York Yankees,Seattle Mariners,Yankee Stadium,8.0
2026-08-12T22:45:35Z,2026-08-13,Chicago White Sox,Cincinnati Reds,Guaranteed Rate Field,8.5
2026-08-12T22:45:35Z,2026-08-13,Toronto Blue Jays,Boston Red Sox,Rogers Centre,8.0
2026-08-12T22:45:35Z,2026-08-13,Washington Nationals,Chicago Cubs,Nationals Park,8.5
2026-08-12T22:45:35Z,2026-08-13,Los Angeles Dodgers,Milwaukee Brewers,Dodger Stadium,8.5
2026-08-13T10:55:22Z,2026-08-13,Los Angeles Angels,Texas Rangers,Angel Stadium,8.0
2026-08-13T22:47:43Z,2026-08-14,Chicago Cubs,St. Louis Cardinals,Wrigley Field,8.0
2026-08-13T22:47:43Z,2026-08-14,Cincinnati Reds,Miami Marlins,Great American Ball Park,7.75
2026-08-13T22:47:43Z,2026-08-14,Pittsburgh Pirates,Boston Red Sox,PNC Park,8.0
2026-08-13T22:47:43Z,2026-08-14,New York Mets,Washington Nationals,Citi Field,8.5
2026-08-13T22:47:43Z,2026-08-14,Cleveland Guardians,San Diego Padres,Progressive Field,7.5
2026-08-13T22:47:43Z,2026-08-14,Toronto Blue Jays,New York Yankees,Rogers Centre,8.0
2026-08-13T22:47:43Z,2026-08-14,Los Angeles Angels,Kansas City Royals,Angel Stadium,9.0
2026-08-13T22:47:43Z,2026-08-14,Los Angeles Dodgers,Milwaukee Brewers,Dodger Stadium,8.0
2026-08-13T22:47:43Z,2026-08-14,San Francisco Giants,Colorado Rockies,Oracle Park,8.0
2026-08-14T10:51:09Z,2026-08-14,Detroit Tigers,Chicago White Sox,Comerica Park,8.5
2026-08-14T10:51:09Z,2026-08-14,Atlanta Braves,Arizona Diamondbacks,Truist Park,8.0
2026-08-14T10:51:09Z,2026-08-14,Athletics,Texas Rangers,Sutter Health Park,9.5
2026-08-14T10:51:09Z,2026-08-15,Los Angeles Dodgers,Milwaukee Brewers,Dodger Stadium,8.0
2026-08-14T22:27:30Z,2026-08-15,Detroit Tigers,Chicago White Sox,Comerica Park,8.0
2026-08-14T22:27:30Z,2026-08-15,Chicago Cubs,St. Louis Cardinals,Wrigley Field,9.0
2026-08-14T22:27:30Z,2026-08-15,San Francisco Giants,Colorado Rockies,Oracle Park,8.0
2026-08-14T22:27:30Z,2026-08-15,Cincinnati Reds,Miami Marlins,Great American Ball Park,9.5
2026-08-14T22:27:30Z,2026-08-15,Minnesota Twins,Philadelphia Phillies,Target Field,8.0
2026-08-14T22:27:30Z,2026-08-15,Pittsburgh Pirates,Boston Red Sox,PNC Park,7.5
2026-08-14T22:27:30Z,2026-08-15,Atlanta Braves,Arizona Diamondbacks,Truist Park,9.0
2026-08-14T22:27:30Z,2026-08-15,Los Angeles Angels,Kansas City Royals,Angel Stadium,8.5
2026-08-14T22:27:30Z,2026-08-15,Athletics,Texas Rangers,Sutter Health Park,9.5
2026-08-15T10:14:19Z,2026-08-15,Toronto Blue Jays,New York Yankees,Rogers Centre,7.5
2026-08-15T10:14:19Z,2026-08-15,New York Mets,Washington Nationals,Citi Field,8.5
2026-08-15T10:14:19Z,2026-08-15,Cleveland Guardians,San Diego Padres,Progressive Field,8.0
2026-08-15T10:14:19Z,2026-08-16,Athletics,Texas Rangers,Sutter Health Park,9.5
2026-08-15T10:14:19Z,2026-08-16,Los Angeles Angels,Kansas City Royals,Angel Stadium,8.0
2026-08-15T22:26:13Z,2026-08-16,Pittsburgh Pirates,Boston Red Sox,PNC Park,8.0
2026-08-15T22:26:13Z,2026-08-16,Atlanta Braves,Arizona Diamondbacks,Truist Park,8.5
2026-08-15T22:26:13Z,2026-08-16,Toronto Blue Jays,New York Yankees,Rogers Centre,7.5
2026-08-15T22:26:13Z,2026-08-16,New York Mets,Washington Nationals,Citi Field,8.5
2026-08-15T22:26:13Z,2026-08-16,Cleveland Guardians,San Diego Padres,Progressive Field,8.0
2026-08-15T22:26:13Z,2026-08-16,Cincinnati Reds,Miami Marlins,Great American Ball Park,9.0
2026-08-15T22:26:13Z,2026-08-16,Minnesota Twins,Philadelphia Phillies,Target Field,9.5
2026-08-15T22:26:13Z,2026-08-16,San Francisco Giants,Colorado Rockies,Oracle Park,8.5
2026-08-15T22:26:13Z,2026-08-16,Los Angeles Dodgers,Milwaukee Brewers,Dodger Stadium,7.5
2026-08-16T10:15:20Z,2026-08-16,Detroit Tigers,Chicago White Sox,Comerica Park,8.0
2026-08-16T10:15:20Z,2026-08-16,Chicago Cubs,St. Louis Cardinals,Wrigley Field,9.0
2026-08-16T22:25:05Z,2026-08-17,Philadelphia Phillies,Miami Marlins,Citizens Bank Park,8.0
2026-08-16T22:25:05Z,2026-08-17,Pittsburgh Pirates,Detroit Tigers,PNC Park,8.0
2026-08-16T22:25:05Z,2026-08-17,New York Mets,San Diego Padres,Citi Field,8.0
2026-08-16T22:25:05Z,2026-08-17,Minnesota Twins,Atlanta Braves,Target Field,8.5
2026-08-16T22:25:05Z,2026-08-17,Chicago Cubs,Chicago White Sox,Wrigley Field,8.5
2026-08-17T10:24:15Z,2026-08-17,Boston Red Sox,Arizona Diamondbacks,Fenway Park,9.0
2026-08-17T10:24:15Z,2026-08-17,Kansas City Royals,Athletics,Kauffman Stadium,9.0
2026-08-17T10:24:15Z,2026-08-17,Colorado Rockies,Los Angeles Dodgers,Coors Field,11.0
2026-08-17T22:28:07Z,2026-08-17,Cincinnati Reds,St. Louis Cardinals,Great American Ball Park,9.0
2026-08-17T22:28:07Z,2026-08-18,Baltimore Orioles,New York Yankees,Oriole Park at Camden Yards,8.5
2026-08-17T22:28:07Z,2026-08-18,Pittsburgh Pirates,Detroit Tigers,PNC Park,8.0
2026-08-17T22:28:07Z,2026-08-18,Cleveland Guardians,San Francisco Giants,Progressive Field,8.0
2026-08-17T22:28:07Z,2026-08-18,Cincinnati Reds,St. Louis Cardinals,Great American Ball Park,8.75
2026-08-17T22:28:07Z,2026-08-18,Philadelphia Phillies,Miami Marlins,Citizens Bank Park,8.0
2026-08-17T22:28:07Z,2026-08-18,Boston Red Sox,Arizona Diamondbacks,Fenway Park,8.5
2026-08-17T22:28:07Z,2026-08-18,New York Mets,San Diego Padres,Citi Field,8.5
2026-08-17T22:28:07Z,2026-08-18,Kansas City Royals,Athletics,Kauffman Stadium,10.0
2026-08-17T22:28:07Z,2026-08-18,Minnesota Twins,Atlanta Braves,Target Field,8.5
2026-08-17T22:28:07Z,2026-08-18,Milwaukee Brewers,Seattle Mariners,American Family Field,8.0
2026-08-17T22:28:07Z,2026-08-18,Chicago Cubs,Chicago White Sox,Wrigley Field,10.0
2026-08-17T22:28:07Z,2026-08-18,Colorado Rockies,Los Angeles Dodgers,Coors Field,12.0
2026-08-18T10:19:51Z,2026-08-19,Chicago Cubs,Chicago White Sox,Wrigley Field,8.5
2026-08-18T22:27:17Z,2026-08-19,Pittsburgh Pirates,Detroit Tigers,PNC Park,8.0
2026-08-18T22:27:17Z,2026-08-19,New York Mets,San Diego Padres,Citi Field,8.5
2026-08-18T22:27:17Z,2026-08-19,Minnesota Twins,Atlanta Braves,Target Field,8.5
2026-08-18T22:27:17Z,2026-08-19,Boston Red Sox,Arizona Diamondbacks,Fenway Park,8.5
2026-08-18T22:27:17Z,2026-08-19,Philadelphia Phillies,Miami Marlins,Citizens Bank Park,8.5
2026-08-18T22:27:17Z,2026-08-19,Cincinnati Reds,St. Louis Cardinals,Great American Ball Park,8.5
2026-08-18T22:27:17Z,2026-08-19,Milwaukee Brewers,Seattle Mariners,American Family Field,7.5
2026-08-18T22:27:17Z,2026-08-19,Colorado Rockies,Los Angeles Dodgers,Coors Field,11.5
2026-08-19T10:20:17Z,2026-08-19,Baltimore Orioles,New York Yankees,Oriole Park at Camden Yards,9.0
2026-08-19T10:20:17Z,2026-08-19,Cleveland Guardians,San Francisco Giants,Progressive Field,7.0
2026-08-19T10:20:17Z,2026-08-19,Kansas City Royals,Athletics,Kauffman Stadium,8.5
2026-08-19T22:28:07Z,2026-08-20,Cincinnati Reds,St. Louis Cardinals,Great American Ball Park,9.0
2026-08-19T22:28:07Z,2026-08-20,Cleveland Guardians,San Francisco Giants,Progressive Field,7.5
2026-08-19T22:28:07Z,2026-08-20,Kansas City Royals,Athletics,Kauffman Stadium,8.5
2026-08-19T22:28:07Z,2026-08-20,Chicago White Sox,Atlanta Braves,Guaranteed Rate Field,8.5
2026-08-19T22:28:07Z,2026-08-20,Milwaukee Brewers,Seattle Mariners,American Family Field,8.0
2026-08-19T22:28:07Z,2026-08-20,Baltimore Orioles,New York Yankees,Oriole Park at Camden Yards,8.0
2026-08-20T22:31:02Z,2026-08-21,Milwaukee Brewers,Atlanta Braves,American Family Field,6.5
2026-08-20T22:31:02Z,2026-08-21,New York Yankees,Toronto Blue Jays,Yankee Stadium,7.5
2026-08-20T22:31:02Z,2026-08-21,Boston Red Sox,San Francisco Giants,Fenway Park,8.0
2026-08-20T22:31:02Z,2026-08-21,Baltimore Orioles,Tampa Bay Rays,Oriole Park at Camden Yards,8.5
2026-08-20T22:31:02Z,2026-08-21,Chicago White Sox,New York Mets,Guaranteed Rate Field,8.0
2026-08-20T22:31:02Z,2026-08-21,Kansas City Royals,Detroit Tigers,Kauffman Stadium,8.5
2026-08-20T22:31:02Z,2026-08-21,Colorado Rockies,Cleveland Guardians,Coors Field,11.0
2026-08-20T22:31:02Z,2026-08-21,Los Angeles Dodgers,Pittsburgh Pirates,Dodger Stadium,8.0
2026-08-20T22:31:02Z,2026-08-21,Seattle Mariners,Chicago Cubs,T-Mobile Park,8.0
2026-08-21T10:21:39Z,2026-08-21,Philadelphia Phillies,St. Louis Cardinals,Citizens Bank Park,8.0
2026-08-21T10:21:39Z,2026-08-21,San Diego Padres,Minnesota Twins,Petco Park,8.0
2026-08-21T10:21:39Z,2026-08-22,Kansas City Royals,Detroit Tigers,Kauffman Stadium,8.5
2026-08-21T10:21:39Z,2026-08-22,Los Angeles Dodgers,Pittsburgh Pirates,Dodger Stadium,8.0
2026-09-01T01:06:38Z,2026-08-31,Los Angeles Angels,New York Yankees,Angel Stadium,8.0
2026-09-01T01:06:38Z,2026-09-01,Cincinnati Reds,San Diego Padres,Great American Ball Park,9.5
2026-09-01T01:06:38Z,2026-09-01,Pittsburgh Pirates,San Francisco Giants,PNC Park,7.5
2026-09-01T01:06:38Z,2026-09-01,Cleveland Guardians,Toronto Blue Jays,Progressive Field,8.0
2026-09-01T01:06:38Z,2026-09-01,Boston Red Sox,Seattle Mariners,Fenway Park,8.0
2026-09-01T01:06:38Z,2026-09-01,Washington Nationals,Atlanta Braves,Nationals Park,10.0
2026-09-01T01:06:38Z,2026-09-01,Minnesota Twins,Detroit Tigers,Target Field,8.5
2026-09-01T01:06:38Z,2026-09-01,Kansas City Royals,Miami Marlins,Kauffman Stadium,9.5
2026-09-01T01:06:38Z,2026-09-01,Chicago Cubs,Milwaukee Brewers,Wrigley Field,10.0
2026-09-01T01:06:38Z,2026-09-01,Colorado Rockies,Baltimore Orioles,Coors Field,11.0
2026-09-01T01:06:38Z,2026-09-01,Los Angeles Angels,New York Yankees,Angel Stadium,7.5
2026-09-01T01:06:38Z,2026-09-01,Los Angeles Dodgers,St. Louis Cardinals,Dodger Stadium,9.0
2026-09-01T14:25:23Z,2026-09-02,Colorado Rockies,Baltimore Orioles,Coors Field,11.0
2026-09-01T23:52:59Z,2026-09-02,Cincinnati Reds,San Diego Padres,Great American Ball Park,9.5
2026-09-01T23:52:59Z,2026-09-02,Washington Nationals,Atlanta Braves,Nationals Park,9.0
2026-09-01T23:52:59Z,2026-09-02,Boston Red Sox,Seattle Mariners,Fenway Park,8.5
2026-09-01T23:52:59Z,2026-09-02,Pittsburgh Pirates,San Francisco Giants,PNC Park,8.0
2026-09-01T23:52:59Z,2026-09-02,Cleveland Guardians,Toronto Blue Jays,Progressive Field,7.0
2026-09-01T23:52:59Z,2026-09-02,Minnesota Twins,Detroit Tigers,Target Field,9.0
2026-09-01T23:52:59Z,2026-09-02,Kansas City Royals,Miami Marlins,Kauffman Stadium,8.5
2026-09-01T23:52:59Z,2026-09-02,Chicago Cubs,Milwaukee Brewers,Wrigley Field,8.5
2026-09-01T23:52:59Z,2026-09-02,Los Angeles Angels,New York Yankees,Angel Stadium,7.0
2026-09-02T13:58:59Z,2026-09-02,Los Angeles Dodgers,St. Louis Cardinals,Dodger Stadium,8.0
